Sample_name,Locus,Hash,nReads
Ac16S.PadUp11.4.0321,Ac16S,9794a0d15bfdf9d002e1564c85eb0fbf612049ed,16862
Ac16S.PadUp11.4.0321,Ac16S,3cdb756a4829bf3d077ec0af970d9f46af6963b8,5714
Ac16S.PadUp11.4.0321,Ac16S,c3dbdf346cff3c1adad46ee0962d54e90cfd75fa,111130
Ac16S.PadUp11.4.0321,Ac16S,daef6d2f7188a7be298938d3ff50ef6f7d31df43,763
Ac16S.PadUp11.4.0321,Ac16S,538afe58ff9215120fb2a08e109127c6f2562e4e,8567
Ac16S.PadUp11.4.0321,Ac16S,bf42a5bb1ec15e8fe11e20b2b71bddfe749af866,7804
Ac16S.PadUp11.4.0321,Ac16S,4450e479e7a3b55ed4ff30101b2aa81cf02916b4,4981
Ac16S.PadUp11.4.0321,Ac16S,e78cacb282d1da13dab5b7615ffbb32b29e07c4f,227
Ac16S.PadUp11.4.0321,Ac16S,ecf469d00fac1052d28f063710713c13bf303fdd,1400
Ac16S.PadUp11.4.0321,Ac16S,ff5da03589f03bef0eb350d0f95244d5e1c57c54,2474
Ac16S.PadUp11.4.0321,Ac16S,acf0f830a913c2ea4a2059f8bdf041d21ea2bfbd,1245
Ac16S.PadUp11.4.0321,Ac16S,f4b1baaf04a01b98da4a6deb5f74059329c5d984,1094
Ac16S.PadUp11.4.0321,Ac16S,58e45243e0f2107d52459805775bb1372b625c7e,482
Ac16S.PadUp11.4.0321,Ac16S,1fa02e0f86da8b5b984394c049b4cb08140c57da,459
Ac16S.PadUp11.4.0321,Ac16S,14e534dd50c7463d41bd270a1216a20dc0453dfc,308
Ac16S.PadUp11.4.0321,Ac16S,d30ffa492e5abecf536b1b5ea47cf9d2493fc499,304
Ac16S.PadUp11.4.0321,Ac16S,e4ebdf5938035ea91b12b5d144618a5d76ba569f,184
Ac16S.PadUp11.4.0321,Ac16S,891f0cb27e89cd179ace51f0c7e87df7faf20900,138
Ac16S.PadUp11.4.0321,Ac16S,dc0d70cbb23b23fa88b285cd5486f28699d9b4a2,107
Ac16S.PadUp11.4.0321,Ac16S,b415e58c7e62a9cd1375a85253a1d6b48aa24abf,104
Ac16S.PadUp11.4.0321,Ac16S,4064b493e09ad8887749d3657806cba4181e333a,74
Ac16S.PadUp11.4.0321,Ac16S,4706311785f737c836c81dd5c90e1e6c7a420b9f,73
Ac16S.PadUp11.4.0321,Ac16S,c4bcfbc8d7ef0c3d2f80d620abc0b265d2982b89,47
Ac16S.PadUp11.5.0321,Ac16S,9794a0d15bfdf9d002e1564c85eb0fbf612049ed,19254
Ac16S.PadUp11.5.0321,Ac16S,3cdb756a4829bf3d077ec0af970d9f46af6963b8,35099
Ac16S.PadUp11.5.0321,Ac16S,c3dbdf346cff3c1adad46ee0962d54e90cfd75fa,3765
Ac16S.PadUp11.5.0321,Ac16S,daef6d2f7188a7be298938d3ff50ef6f7d31df43,41171
Ac16S.PadUp11.5.0321,Ac16S,538afe58ff9215120fb2a08e109127c6f2562e4e,5901
Ac16S.PadUp11.5.0321,Ac16S,bf42a5bb1ec15e8fe11e20b2b71bddfe749af866,1652
Ac16S.PadUp11.5.0321,Ac16S,4450e479e7a3b55ed4ff30101b2aa81cf02916b4,4126
Ac16S.PadUp11.5.0321,Ac16S,e78cacb282d1da13dab5b7615ffbb32b29e07c4f,768
Ac16S.PadUp11.5.0321,Ac16S,5e1cfbfbc03a5d1c27ee51babd89dbf8b8af613c,9797
Ac16S.PadUp11.5.0321,Ac16S,ecf469d00fac1052d28f063710713c13bf303fdd,503
Ac16S.PadUp11.5.0321,Ac16S,e1eae85fda4f3232050e0bde65f0474923561d6c,1023
Ac16S.PadUp11.5.0321,Ac16S,4fd0ac0a73954770ac57a3573103b795fc76880a,651
Ac16S.PadUp11.5.0321,Ac16S,6a3b9a2adfa51b89281de641689cd996dcce9296,489
Ac16S.PadUp11.5.0321,Ac16S,bf3f6ddea795a416904960db684edd87a17b11ae,374
Ac16S.PadUp11.5.0321,Ac16S,cf37a5d32abe18dc80b528477ead2d9745c6a544,223
Ac16S.PadUp11.5.0321,Ac16S,622c49d0a1c0e067ede976369cbaba2878c26055,207
Ac16S.PadUp11.5.0321,Ac16S,6f4067ec8e73fd16ede0c181216f4d4ec3459deb,180
Ac16S.PadUp11.5.0321,Ac16S,5266da87e335ae9fa447a9dbe429b98ff16a805b,177
Ac16S.PadUp11.5.0321,Ac16S,1b3d1ca2ae591a6cd2b6eb7b3e5db6fcd0dbd911,175
Ac16S.PadUp11.5.0321,Ac16S,e39f53ebe8a978bc138c29615a41d70bf3514fad,55
Ac16S.PadUp11.6.0321,Ac16S,9794a0d15bfdf9d002e1564c85eb0fbf612049ed,9814
Ac16S.PadUp11.6.0321,Ac16S,3cdb756a4829bf3d077ec0af970d9f46af6963b8,20694
Ac16S.PadUp11.6.0321,Ac16S,c3dbdf346cff3c1adad46ee0962d54e90cfd75fa,52538
Ac16S.PadUp11.6.0321,Ac16S,538afe58ff9215120fb2a08e109127c6f2562e4e,16118
Ac16S.PadUp11.6.0321,Ac16S,bf42a5bb1ec15e8fe11e20b2b71bddfe749af866,12187
Ac16S.PadUp11.6.0321,Ac16S,4450e479e7a3b55ed4ff30101b2aa81cf02916b4,11367
Ac16S.PadUp11.6.0321,Ac16S,e78cacb282d1da13dab5b7615ffbb32b29e07c4f,1452
Ac16S.PadUp11.6.0321,Ac16S,ecf469d00fac1052d28f063710713c13bf303fdd,1195
Ac16S.PadUp11.6.0321,Ac16S,f79ac1c4f5c5d93b73ad0b29ee45664fc9a10523,2743
Ac16S.PadUp11.6.0321,Ac16S,f0ed2fb7a97ac0047fc435389ab467be084d6d00,1788
Ac16S.PadUp11.6.0321,Ac16S,4f583563618fefaec3ecde51a22085f6a3ea2808,1106
Ac16S.PadUp11.6.0321,Ac16S,44f169f81cb451f338ad1dc02b4136c1645616bd,851
Ac16S.PadUp11.6.0321,Ac16S,91687d68540299c1792494461e5e54ec110dd6fa,460
Ac16S.PadUp11.6.0321,Ac16S,037e6aed904792cde67d1de9547e9d99d0157faf,412
Ac16S.PadUp11.6.0321,Ac16S,44bf5ddc6c5e47eceef05119842300b1c4f7baa1,365
Ac16S.PadUp11.6.0321,Ac16S,1c86a858ce690ed0735eb0c5dc7195032a95d9b3,342
Ac16S.PadUp11.6.0321,Ac16S,063707b7cdb24931c6296639fa87e85797837a0b,324
Ac16S.PadUp11.6.0321,Ac16S,03785628c8d3e0df8841468a848ab983eef458d5,281
Ac16S.PadUp11.6.0321,Ac16S,5cd80b0ba0c45da80d0c0dc7964dcc53b5849475,234
Ac16S.PadUp11.6.0321,Ac16S,551a6d02e5b8b5625642572902a655d0483af865,77
Ac16S.PadUp11.6.0321,Ac16S,58e09adeb19b1f3fc19876570d1b144854a2ca7a,52
Ac16S.PadUp11.6.0321,Ac16S,51585629b20469efbd229fcd57c61e6b7e29320e,48
Ac16S.PadUp5.4.0321,Ac16S,9794a0d15bfdf9d002e1564c85eb0fbf612049ed,68702
Ac16S.PadUp5.4.0321,Ac16S,3cdb756a4829bf3d077ec0af970d9f46af6963b8,5765
Ac16S.PadUp5.4.0321,Ac16S,c3dbdf346cff3c1adad46ee0962d54e90cfd75fa,10912
Ac16S.PadUp5.4.0321,Ac16S,daef6d2f7188a7be298938d3ff50ef6f7d31df43,10897
Ac16S.PadUp5.4.0321,Ac16S,538afe58ff9215120fb2a08e109127c6f2562e4e,15865
Ac16S.PadUp5.4.0321,Ac16S,bf42a5bb1ec15e8fe11e20b2b71bddfe749af866,1862
Ac16S.PadUp5.4.0321,Ac16S,4450e479e7a3b55ed4ff30101b2aa81cf02916b4,1571
Ac16S.PadUp5.4.0321,Ac16S,e78cacb282d1da13dab5b7615ffbb32b29e07c4f,160
Ac16S.PadUp5.4.0321,Ac16S,ecf469d00fac1052d28f063710713c13bf303fdd,22
Ac16S.PadUp5.4.0321,Ac16S,58e45243e0f2107d52459805775bb1372b625c7e,596
Ac16S.PadUp5.4.0321,Ac16S,ed65746178afccfdbc7e440ca5d8c81733364d8a,1050
Ac16S.PadUp5.4.0321,Ac16S,3019015014b642d60ac04bb6c4ef434f217def5a,449
Ac16S.PadUp5.4.0321,Ac16S,ed964cb645ff322ad7def3a19c5c0757f43822ef,631
Ac16S.PadUp5.4.0321,Ac16S,b134806ffd0b90aa4676ebd08c8aea70a3e47121,567
Ac16S.PadUp5.4.0321,Ac16S,a39e43585124f5f5611c563f2e35a59a71fc5c23,547
Ac16S.PadUp5.4.0321,Ac16S,73748375b067c1127ea2a718ce7530600fd89e12,529
Ac16S.PadUp5.4.0321,Ac16S,d7a3545ed78e3526eef89cd92fd8df9ef9b7471a,498
Ac16S.PadUp5.4.0321,Ac16S,8b0f1d7bdb2b3f0646fac424229ede334326db85,325
Ac16S.PadUp5.4.0321,Ac16S,10e1463b2f19ad74023c08a3be6e66b69453a951,300
Ac16S.PadUp5.4.0321,Ac16S,480c697c4980a42cd2fac80979f470de932f69f0,287
Ac16S.PadUp5.4.0321,Ac16S,f49d69451a82b9231a9176c9389d57bb9a8e9551,282
Ac16S.PadUp5.4.0321,Ac16S,3a0427d765e450004c2fbf92f8f5d554cbfc7acb,278
Ac16S.PadUp5.4.0321,Ac16S,424778f84f78b7cb0a39c7d1b7f8d03b6d5d29e6,236
Ac16S.PadUp5.4.0321,Ac16S,ed00a11c89058ec529c5b1f0834e219b91d8d09a,236
Ac16S.PadUp5.4.0321,Ac16S,b3b7e1f12e5ce0641d986ea21d95ed903aa6aab4,205
Ac16S.PadUp5.4.0321,Ac16S,8e322f13d2e70d0f87dcfac96482b2aee63c649b,193
Ac16S.PadUp5.4.0321,Ac16S,8769f9a7201b4d66a8ccc5052cf4eb6d641e2da1,157
Ac16S.PadUp5.4.0321,Ac16S,ee94dc91d5b495a5a05555407b7019725b421b2d,59
Ac16S.PadUp5.4.0321,Ac16S,3870be49f9b89a3533de3addf5546ee944b5466b,37
Ac16S.PadUp5.4.0321,Ac16S,6369f36cafb4c7fcba2ca88f344808f21611899d,18
Ac16S.PadUp5.5.0321,Ac16S,9794a0d15bfdf9d002e1564c85eb0fbf612049ed,136482
Ac16S.PadUp5.5.0321,Ac16S,538afe58ff9215120fb2a08e109127c6f2562e4e,5309
Ac16S.PadUp5.5.0321,Ac16S,52a2d30192a4b49b7156f940db642ecdac544666,13430
Ac16S.PadUp5.5.0321,Ac16S,49d1c6d754110f5d6709800a400fd383228acce8,6202
Ac16S.PadUp5.5.0321,Ac16S,ecf469d00fac1052d28f063710713c13bf303fdd,11
Ac16S.PadUp5.5.0321,Ac16S,95e5c105d39e412b5f064c423aaba6241854940b,4065
Ac16S.PadUp5.5.0321,Ac16S,7ef02e0ea4a35f54685cc122c1422e7d0b218e7b,1672
Ac16S.PadUp5.5.0321,Ac16S,c4fe1c79ce367dbc3b8b3b4c8de39a1577c6004b,1435
Ac16S.PadUp5.5.0321,Ac16S,ec686e809d8a9738cbf67ed05ec8e54811393c25,1227
Ac16S.PadUp5.5.0321,Ac16S,0ac15cde7f72611fc1e775c61bef34615558fbdf,878
Ac16S.PadUp5.5.0321,Ac16S,457126ab6e561b68f08056aa2bdc462e206e4554,603
Ac16S.PadUp5.5.0321,Ac16S,3d6033dd7c2c3d740bd6e4e553e203343870a874,406
Ac16S.PadUp5.5.0321,Ac16S,1e23fe994f1000bcd15a8afd67291ebd16120048,396
Ac16S.PadUp5.5.0321,Ac16S,44ddcae64438a7ab548084f8b34f2561f81015db,168
Ac16S.PadUp5.5.0321,Ac16S,f46eea2eea6a14594fedf552718258ec76605b03,64
Ac16S.PadUp5.5.0321,Ac16S,935373d61128fa210abf46669a9a990582e8f190,55
Ac16S.PadUp5.5.0321,Ac16S,6f83d6a13fb79b694082661bfcbcf66660394dbb,35
Ac16S.PadUp5.5.0321,Ac16S,fd2a5ec47a021a53bac0fb180dd98b4aba4423bc,1
Ac16S.PadUp5.5.0321,Ac16S,33d89edd5242bcdbf75d25376cc4d8ea300ddf1d,1
Ac16S.PadUp5.6.0321,Ac16S,9794a0d15bfdf9d002e1564c85eb0fbf612049ed,87855
Ac16S.PadUp5.6.0321,Ac16S,c3dbdf346cff3c1adad46ee0962d54e90cfd75fa,33690
Ac16S.PadUp5.6.0321,Ac16S,daef6d2f7188a7be298938d3ff50ef6f7d31df43,8195
Ac16S.PadUp5.6.0321,Ac16S,538afe58ff9215120fb2a08e109127c6f2562e4e,18727
Ac16S.PadUp5.6.0321,Ac16S,5fc1fbd87aa8f05381a888df4d3b5be4a13fe43a,5371
Ac16S.PadUp5.6.0321,Ac16S,81985fa1dc5f97617c32ed9bbf69b56ece0c2192,1914
Ac16S.PadUp5.6.0321,Ac16S,36bbeb1f3fac2c55a8d177d29f9b4849c6b7ca9f,969
Ac16S.PadUp5.6.0321,Ac16S,628acac1185194001d033f1d50c0f9f15fb23544,707
Ac16S.PadUp5.6.0321,Ac16S,8eb6d3d6da5d7ace8715c5a289c0bef651ba9aea,688
Ac16S.PadUp5.6.0321,Ac16S,096951b87ac52ab8da88e5a6c707e20d717b5a6c,421
Ac16S.PadUp5.6.0321,Ac16S,2e1c7e7b1e7f019ee6eb057c7f4efddcbc28926f,526
Ac16S.PadUp5.6.0321,Ac16S,7b5693f10e140171a60134e4ec00cf3f179daa4f,484
Ac16S.PadUp5.6.0321,Ac16S,132465cfc7b65943d0b768c2db3d0118111aa518,409
Ac16S.PadUp5.6.0321,Ac16S,8f456dcffdd4e032db1118ff12a68eeb00669871,394
Ac16S.PadUp5.6.0321,Ac16S,6538779bbfff2d3aef3de189bf3099974e1c3250,319
Ac16S.PadUp5.6.0321,Ac16S,018e5b564d86d58cf79c0744c2db5a1b274806ff,276
Ac16S.PadUp5.6.0321,Ac16S,9987c00437a388ca8823bb986be8e5d0f0f2cc28,233
Ac16S.PadUp5.6.0321,Ac16S,05bd93581c2bb200826c0d4cc380a6954021a253,174
Ac16S.PadUp5.6.0321,Ac16S,74370f065682454e5659cd6d38f87c0249cd9f64,119
Ac16S.PadUp5.6.0321,Ac16S,e46335f75cdf76255067b4bfbf49b33abe0146e3,103
Ac16S.PadUp5.6.0321,Ac16S,e6872686edfccf17ccb5977a784e16a97d9351e4,66
Ac16S.PadUp5.6.0321,Ac16S,6420892c4c6ad025f6748d345d85227d6bafc893,43
Ac16S.PadUp11.1.0421,Ac16S,9794a0d15bfdf9d002e1564c85eb0fbf612049ed,39316
Ac16S.PadUp11.1.0421,Ac16S,3cdb756a4829bf3d077ec0af970d9f46af6963b8,10993
Ac16S.PadUp11.1.0421,Ac16S,c3dbdf346cff3c1adad46ee0962d54e90cfd75fa,21307
Ac16S.PadUp11.1.0421,Ac16S,daef6d2f7188a7be298938d3ff50ef6f7d31df43,29602
Ac16S.PadUp11.1.0421,Ac16S,bf42a5bb1ec15e8fe11e20b2b71bddfe749af866,3760
Ac16S.PadUp11.1.0421,Ac16S,4450e479e7a3b55ed4ff30101b2aa81cf02916b4,4264
Ac16S.PadUp11.1.0421,Ac16S,e78cacb282d1da13dab5b7615ffbb32b29e07c4f,610
Ac16S.PadUp11.1.0421,Ac16S,7f56179d39ca04d9c1f654bb6349c59ac358f50c,7578
Ac16S.PadUp11.1.0421,Ac16S,ecf469d00fac1052d28f063710713c13bf303fdd,120
Ac16S.PadUp11.1.0421,Ac16S,1cb3c34534b19449d3435eb3db5003b1701e8b35,1958
Ac16S.PadUp11.1.0421,Ac16S,a8c49098ac30e5dd5c997fcb17494e3c763ed061,1315
Ac16S.PadUp11.1.0421,Ac16S,45d14921e44bbe364c2137940fd6092745b3f70b,194
Ac16S.PadUp11.1.0421,Ac16S,5ba8556037e6a162dc28431db71547d90e2169a5,945
Ac16S.PadUp11.1.0421,Ac16S,096951b87ac52ab8da88e5a6c707e20d717b5a6c,224
Ac16S.PadUp11.1.0421,Ac16S,5a482a49e65a5079859ccb740867307aa8aff0af,270
Ac16S.PadUp11.1.0421,Ac16S,3736bb303213f0872c8a8cf8163f61063383f8e8,250
Ac16S.PadUp11.1.0421,Ac16S,1e1c93a886de590a881e878776fbddf6b464d1f8,249
Ac16S.PadUp11.1.0421,Ac16S,a7f0632426244aa7792043d27d5ae0c87684ed3d,234
Ac16S.PadUp11.1.0421,Ac16S,fb3489ad14989bc5ed975dd495fb4ac6d9dc67df,212
Ac16S.PadUp11.1.0421,Ac16S,feb1f01327ad6ef7bcaa911baf334ba8d4ce742b,155
Ac16S.PadUp11.1.0421,Ac16S,a71a738922c91d85de075a85ddfaf5a473857717,132
Ac16S.PadUp11.1.0421,Ac16S,60a668d8c427d487310583fe4d3f7c8883eb445d,117
Ac16S.PadUp11.1.0421,Ac16S,406297a66561e114c7103d0c0cf4433b72c7c0e9,113
Ac16S.PadUp11.1.0421,Ac16S,f8ad925de055029baa8b19b6dde2aab9d14caa1f,103
Ac16S.PadUp11.1.0421,Ac16S,4dbd89e13903e49c8f9b135679a7797842919a15,93
Ac16S.PadUp11.1.0421,Ac16S,e421a33683b36752d84a6f842c0e0fb5b032f89c,69
Ac16S.PadUp11.1.0421,Ac16S,bb4bda36527271972ed5eabe896fa45cc8a330f8,68
Ac16S.PadUp11.1.0421,Ac16S,a03165179f190b4108e39f3cce80516b47203014,57
Ac16S.PadUp11.1.0421,Ac16S,0e8334c19b5b808bf3faa6d68a329944398b025c,34
Ac16S.PadUp11.1.0421,Ac16S,4946ef624a9ac012a7fa5e90485be7da5bbbc007,30
Ac16S.PadUp11.2.0421,Ac16S,9794a0d15bfdf9d002e1564c85eb0fbf612049ed,42342
Ac16S.PadUp11.2.0421,Ac16S,3cdb756a4829bf3d077ec0af970d9f46af6963b8,12812
Ac16S.PadUp11.2.0421,Ac16S,c3dbdf346cff3c1adad46ee0962d54e90cfd75fa,4161
Ac16S.PadUp11.2.0421,Ac16S,daef6d2f7188a7be298938d3ff50ef6f7d31df43,56115
Ac16S.PadUp11.2.0421,Ac16S,538afe58ff9215120fb2a08e109127c6f2562e4e,14897
Ac16S.PadUp11.2.0421,Ac16S,bf42a5bb1ec15e8fe11e20b2b71bddfe749af866,1157
Ac16S.PadUp11.2.0421,Ac16S,4450e479e7a3b55ed4ff30101b2aa81cf02916b4,1339
Ac16S.PadUp11.2.0421,Ac16S,e78cacb282d1da13dab5b7615ffbb32b29e07c4f,275
Ac16S.PadUp11.2.0421,Ac16S,ecf469d00fac1052d28f063710713c13bf303fdd,952
Ac16S.PadUp11.2.0421,Ac16S,00ddd86d153838aac089914ad63cb9fce307fd61,2028
Ac16S.PadUp11.2.0421,Ac16S,3019015014b642d60ac04bb6c4ef434f217def5a,599
Ac16S.PadUp11.2.0421,Ac16S,7e133805a5bdc2447a636c692a551950de34536b,1020
Ac16S.PadUp11.2.0421,Ac16S,800cbd609dbff926b85e0ec069e471a1a7108220,590
Ac16S.PadUp11.2.0421,Ac16S,169a66e69e50e858b8c868459b9f66baba83c40a,403
Ac16S.PadUp11.2.0421,Ac16S,da089c67fbfa4b9745ac1e6260aec142df2842c4,379
Ac16S.PadUp11.2.0421,Ac16S,4490844eb118af60747339766b10a70491e30050,166
Ac16S.PadUp11.2.0421,Ac16S,270ff1eebd95d1abd99eaef216a37e55cfcd3fbd,124
Ac16S.PadUp11.2.0421,Ac16S,ff7ad2482b66e55c0f192d105e439038fbd3e59d,69
Ac16S.PadUp11.3.0421,Ac16S,d238d6fffab502c39dcc81b9144f183b6029f26b,1407
Ac16S.PadUp11.3.0421,Ac16S,9794a0d15bfdf9d002e1564c85eb0fbf612049ed,7593
Ac16S.PadUp11.3.0421,Ac16S,3cdb756a4829bf3d077ec0af970d9f46af6963b8,7833
Ac16S.PadUp11.3.0421,Ac16S,c3dbdf346cff3c1adad46ee0962d54e90cfd75fa,35875
Ac16S.PadUp11.3.0421,Ac16S,daef6d2f7188a7be298938d3ff50ef6f7d31df43,55283
Ac16S.PadUp11.3.0421,Ac16S,538afe58ff9215120fb2a08e109127c6f2562e4e,3500
Ac16S.PadUp11.3.0421,Ac16S,bf42a5bb1ec15e8fe11e20b2b71bddfe749af866,5669
Ac16S.PadUp11.3.0421,Ac16S,4450e479e7a3b55ed4ff30101b2aa81cf02916b4,4141
Ac16S.PadUp11.3.0421,Ac16S,e78cacb282d1da13dab5b7615ffbb32b29e07c4f,396
Ac16S.PadUp11.3.0421,Ac16S,e7a020bc45b78f1bc2553d8ca433f1dc449dcb85,560
Ac16S.PadUp11.3.0421,Ac16S,ecf469d00fac1052d28f063710713c13bf303fdd,87
Ac16S.PadUp11.3.0421,Ac16S,48e2eec6fed02e6063fe3b68dd4f6a5f1bed3626,608
Ac16S.PadUp11.3.0421,Ac16S,61b7241cd844fe1b9df5c7f6b99acf6747d1eae3,603
Ac16S.PadUp11.3.0421,Ac16S,12cf1d1ff3f428ab3138ff28b0496dacd1820950,505
Ac16S.PadUp11.3.0421,Ac16S,0d490cc37b94c2ee560d4443efa09e9b73411880,451
Ac16S.PadUp11.3.0421,Ac16S,aefdc781a5572684b5371abf4ccdccf44cb84760,427
Ac16S.PadUp11.3.0421,Ac16S,ea16634c9c6201c2ec49d7ee5e48b1694dc5e60e,292
Ac16S.PadUp11.3.0421,Ac16S,8794d06d7098e9ef07424676e8313668b56a0437,280
Ac16S.PadUp11.3.0421,Ac16S,42add76e8303ff7739223f99cb07009b3622f868,277
Ac16S.PadUp11.3.0421,Ac16S,b47b20e46d5e7d4b1a84b115676325d05893743a,252
Ac16S.PadUp11.3.0421,Ac16S,5f4d8c140d6890dac79da4eb97d19168d66f0fc0,235
Ac16S.PadUp11.3.0421,Ac16S,b11fde0de3dca4135c13265103bbcca2093ebc13,202
Ac16S.PadUp11.3.0421,Ac16S,f81484512ae83540d52e5507bc7bd570b951986d,196
Ac16S.PadUp11.3.0421,Ac16S,03b250a0bc2e1d13a5614dbd5c28955f06a8bc20,149
Ac16S.PadUp11.3.0421,Ac16S,0c040659ec817efd2d52ab1ab3cec28690b9deba,129
Ac16S.PadUp11.3.0421,Ac16S,074b53508056bf3c4ec59615d632bdc3b0a4e373,73
Ac16S.PadUp11.3.0421,Ac16S,23c64287f1e1ee8c4e6ce0ac5acba5699084de8b,54
Ac16S.PadUp11.3.0421,Ac16S,a1c042ae4dbb28fabf2e597e1e4ada6c93161a7b,19
Ac16S.PadUp5.1.0421,Ac16S,9794a0d15bfdf9d002e1564c85eb0fbf612049ed,19314
Ac16S.PadUp5.1.0421,Ac16S,3cdb756a4829bf3d077ec0af970d9f46af6963b8,14040
Ac16S.PadUp5.1.0421,Ac16S,c3dbdf346cff3c1adad46ee0962d54e90cfd75fa,21419
Ac16S.PadUp5.1.0421,Ac16S,daef6d2f7188a7be298938d3ff50ef6f7d31df43,37497
Ac16S.PadUp5.1.0421,Ac16S,538afe58ff9215120fb2a08e109127c6f2562e4e,1231
Ac16S.PadUp5.1.0421,Ac16S,bf42a5bb1ec15e8fe11e20b2b71bddfe749af866,6178
Ac16S.PadUp5.1.0421,Ac16S,4450e479e7a3b55ed4ff30101b2aa81cf02916b4,5785
Ac16S.PadUp5.1.0421,Ac16S,e78cacb282d1da13dab5b7615ffbb32b29e07c4f,846
Ac16S.PadUp5.1.0421,Ac16S,ecf469d00fac1052d28f063710713c13bf303fdd,11
Ac16S.PadUp5.1.0421,Ac16S,aace0fd13d94ac860eb693ed6ff8cbf7ea16db80,1172
Ac16S.PadUp5.1.0421,Ac16S,168a686436b8a4e9ffe953677bef3c328cd99436,1062
Ac16S.PadUp5.1.0421,Ac16S,00142413143bb626623dfe8ea57e70c0944b6398,432
Ac16S.PadUp5.1.0421,Ac16S,f70f312c452ee8f0b7e3dfa49430ee87ba3b08ee,348
Ac16S.PadUp5.1.0421,Ac16S,da6f9d223698eac3cea0ca017e2b58eb4f8671ca,339
Ac16S.PadUp5.1.0421,Ac16S,667903f12fd6068f009020cb1a165d40ebc82b8d,311
Ac16S.PadUp5.1.0421,Ac16S,20cbf6df552852834cbf5b880d62a7169cd4aae7,198
Ac16S.PadUp5.1.0421,Ac16S,1e5700b00a87b2fd36ef37ebd85cc3d9e2445db7,180
Ac16S.PadUp5.1.0421,Ac16S,45a0cece981234a5e9e2dad533dc420267dc713a,97
Ac16S.PadUp5.1.0421,Ac16S,34f3596fda8220de067e3583941c6980b221ccca,61
Ac16S.PadUp5.1.0421,Ac16S,1c204ee1c69c17fbb3579dfab85e1908ef42a87e,44
Ac16S.PadUp5.3.0421,Ac16S,d238d6fffab502c39dcc81b9144f183b6029f26b,5800
Ac16S.PadUp5.3.0421,Ac16S,9794a0d15bfdf9d002e1564c85eb0fbf612049ed,35566
Ac16S.PadUp5.3.0421,Ac16S,3cdb756a4829bf3d077ec0af970d9f46af6963b8,3671
Ac16S.PadUp5.3.0421,Ac16S,c3dbdf346cff3c1adad46ee0962d54e90cfd75fa,30986
Ac16S.PadUp5.3.0421,Ac16S,daef6d2f7188a7be298938d3ff50ef6f7d31df43,26835
Ac16S.PadUp5.3.0421,Ac16S,538afe58ff9215120fb2a08e109127c6f2562e4e,10336
Ac16S.PadUp5.3.0421,Ac16S,bf42a5bb1ec15e8fe11e20b2b71bddfe749af866,5448
Ac16S.PadUp5.3.0421,Ac16S,4450e479e7a3b55ed4ff30101b2aa81cf02916b4,2287
Ac16S.PadUp5.3.0421,Ac16S,e78cacb282d1da13dab5b7615ffbb32b29e07c4f,434
Ac16S.PadUp5.3.0421,Ac16S,e7a020bc45b78f1bc2553d8ca433f1dc449dcb85,2472
Ac16S.PadUp5.3.0421,Ac16S,5fc1fbd87aa8f05381a888df4d3b5be4a13fe43a,3152
Ac16S.PadUp5.3.0421,Ac16S,e4c7e61e36f5cde5de9e498fe68a3fc5d2f10b6b,1012
Ac16S.PadUp5.3.0421,Ac16S,77af390c3fa10fa3285968de5f3de5826447b295,530
Ac16S.PadUp5.3.0421,Ac16S,096429040520e63d1c996bd37f89ae0317badcbc,448
Ac16S.PadUp5.3.0421,Ac16S,3a5fbebd8bb0c1917481aabf20a02bb61bb725d9,376
Ac16S.PadUp5.3.0421,Ac16S,02a3d2707251b1808d4dd42b24a6987dc0eab9c0,357
Ac16S.PadUp5.3.0421,Ac16S,2ed0ba7e8c47a5324260b62448c020bef34b4ec4,337
Ac16S.PadUp5.3.0421,Ac16S,5977852ece99553d73c8d3c0bf38c5e22809c8bc,272
Ac16S.PadUp5.3.0421,Ac16S,dea37ff80dabd32abb1cd5b2e4fadfcd4cfb83b7,267
Ac16S.PadUp5.3.0421,Ac16S,97352168aec179a0963ce33d7b46cfe2c7be6118,261
Ac16S.PadUp5.3.0421,Ac16S,2c9510326491bc7402a9277ea9715c0ad35d7211,222
Ac16S.PadUp5.3.0421,Ac16S,fa31bda65f4efe39ef9c930e9e7cf0caa20fdd3b,219
Ac16S.PadUp5.3.0421,Ac16S,cee64a9911d9fc70dfd9cd96a12c0a9db87b8495,170
Ac16S.PadUp5.3.0421,Ac16S,45868e9137ff679d244a24160009880fbdf3eeba,162
Ac16S.PadUp5.3.0421,Ac16S,0f39cc7f9921680ededd23e557fdc5a20c5ecb4d,142
Ac16S.PadUp5.3.0421,Ac16S,9b99f877105c622eca1dc54643111d849446c091,105
Ac16S.PadUp5.3.0421,Ac16S,51e538b6b180278e1e861fa52cda95646b5ad02b,67
Ac16S.ChkDn.1.0321,Ac16S,d238d6fffab502c39dcc81b9144f183b6029f26b,96351
Ac16S.ChkDn.1.0321,Ac16S,3cdb756a4829bf3d077ec0af970d9f46af6963b8,56997
Ac16S.ChkDn.1.0321,Ac16S,c3dbdf346cff3c1adad46ee0962d54e90cfd75fa,3675
Ac16S.ChkDn.1.0321,Ac16S,bf42a5bb1ec15e8fe11e20b2b71bddfe749af866,2781
Ac16S.ChkDn.1.0321,Ac16S,4450e479e7a3b55ed4ff30101b2aa81cf02916b4,2837
Ac16S.ChkDn.1.0321,Ac16S,e78cacb282d1da13dab5b7615ffbb32b29e07c4f,1963
Ac16S.ChkDn.1.0321,Ac16S,e7a020bc45b78f1bc2553d8ca433f1dc449dcb85,3772
Ac16S.ChkDn.1.0321,Ac16S,ecf469d00fac1052d28f063710713c13bf303fdd,372
Ac16S.ChkDn.1.0321,Ac16S,8a0ca07c74912da614fd5078c946dd1ba58ac338,3029
Ac16S.ChkDn.1.0321,Ac16S,326a6f7516e2d30e49d1b8d7d7fc6825b7d5ab67,443
Ac16S.ChkDn.1.0321,Ac16S,5c559340b0550025e25e19606b40a2e3abcc353b,348
Ac16S.ChkDn.1.0321,Ac16S,fc86ef5bf92be7229560badeea52216f16632c6e,1904
Ac16S.ChkDn.1.0321,Ac16S,13fc684c79cebba17d1b779c7acf1ae6c405e319,1089
Ac16S.ChkDn.1.0321,Ac16S,223ddbcb7d0e505ca7294e2b920745db2394bc75,712
Ac16S.ChkDn.1.0321,Ac16S,1b9656c87961d6f87b08aa78ba5e78c665c646fe,571
Ac16S.ChkDn.1.0321,Ac16S,06970dbc38445cba5feb5d5dfa4812734b964dd8,558
Ac16S.ChkDn.1.0321,Ac16S,d64af4bc3f9adcced07efe7f63a2bbeb822d7268,392
Ac16S.ChkDn.1.0321,Ac16S,da742a3480ff0c078c37fcfa381b6ccf2cfafc1f,128
Ac16S.ChkDn.1.0321,Ac16S,27bd3a37b9b5d4a1daa5f1dad54c117047b9d5e5,107
Ac16S.ChkDn.1.0321,Ac16S,0aa85d1c63d1a9695616d555298b7b34f1bf8004,78
Ac16S.ChkDn.1.0321,Ac16S,2f0935e399b63411bea421761f59a598c49b3158,71
Ac16S.ChkDn.1.0321,Ac16S,3b4059acc88d5aae2951ef66dcd6236e3099c13f,52
Ac16S.ChkDn.1.0321,Ac16S,84e1004404a2144794b2bf8c96935109934ccd33,34
Ac16S.ChkDn.1.0321,Ac16S,14e886045fd6f60b4ad7243611bf0ab85df3efb1,26
Ac16S.ChkDn.2.0321,Ac16S,d238d6fffab502c39dcc81b9144f183b6029f26b,186051
Ac16S.ChkDn.2.0321,Ac16S,3cdb756a4829bf3d077ec0af970d9f46af6963b8,4897
Ac16S.ChkDn.2.0321,Ac16S,5c0b5a0ccaf9b3380b5597f2ff90a1a82ad0d0ea,1476
Ac16S.ChkDn.2.0321,Ac16S,a8b31087c983bea904e7b5f3202930e3a038131c,1070
Ac16S.ChkDn.2.0321,Ac16S,011d4202fff256b1d14d41314a68625bc5bdc9f0,950
Ac16S.ChkDn.2.0321,Ac16S,0993b7e57eb2a4f0e6dcbefb92110fdd1551c719,938
Ac16S.ChkDn.2.0321,Ac16S,cebdd744614a01da9815f040d45e58d53064feb3,938
Ac16S.ChkDn.2.0321,Ac16S,1f7d1f199ef02f14dcca64d0c33b4aed3c2cd2b7,884
Ac16S.ChkDn.2.0321,Ac16S,766ec80186958577919c6e6b01ad4fe51bd11a5a,867
Ac16S.ChkDn.2.0321,Ac16S,fcdd1c264f6d164cee2c09ad22dac7038ae9f50c,665
Ac16S.ChkDn.2.0321,Ac16S,8fe809ad362709df5e8ae3555ce187f1a44880f4,651
Ac16S.ChkDn.2.0321,Ac16S,d174e024318b55ca44f22b4992ac7298577f8a9d,636
Ac16S.ChkDn.2.0321,Ac16S,1a81693c2794c3dbc835617159ac9992e38b7729,605
Ac16S.ChkDn.2.0321,Ac16S,2334c3bd6d4eb7ed1a74cff64fa529b0c438a61e,509
Ac16S.ChkDn.2.0321,Ac16S,2231e58ec880e5a1b294cbb59a765fd78ed09196,414
Ac16S.ChkDn.2.0321,Ac16S,20f69683491928ff13691949765396053f4e794a,392
Ac16S.ChkDn.2.0321,Ac16S,52a2bf6b9b73d100f8555f694d05cb1bf6c8435e,387
Ac16S.ChkDn.2.0321,Ac16S,897f291d3f19d2a532ecefac20154d9c4c94ac8f,322
Ac16S.ChkDn.2.0321,Ac16S,5d25d417bac125c55a49525e05747b3009685b1f,305
Ac16S.ChkDn.2.0321,Ac16S,eff622610c91df38e72a79c82775941860bb29d2,301
Ac16S.ChkDn.2.0321,Ac16S,08e54f94a3d3e73560c561173dbdb723739e7222,265
Ac16S.ChkDn.2.0321,Ac16S,cea9f3bbd3468c471e089d001e68af08c43933c6,232
Ac16S.ChkDn.2.0321,Ac16S,a92e3c75c4fa2931b4aeeb27f3844ac8692888fe,127
Ac16S.ChkDn.2.0321,Ac16S,95e633c1cac11cb644a36fedb11425ffe6081d0b,100
Ac16S.ChkDn.2.0321,Ac16S,0f81f155d8547666e02f410d024791ab64126c74,16
Ac16S.ChkDn.3.0321,Ac16S,d238d6fffab502c39dcc81b9144f183b6029f26b,26057
Ac16S.ChkDn.3.0321,Ac16S,3cdb756a4829bf3d077ec0af970d9f46af6963b8,147262
Ac16S.ChkDn.3.0321,Ac16S,c3dbdf346cff3c1adad46ee0962d54e90cfd75fa,1013
Ac16S.ChkDn.3.0321,Ac16S,bf42a5bb1ec15e8fe11e20b2b71bddfe749af866,876
Ac16S.ChkDn.3.0321,Ac16S,4450e479e7a3b55ed4ff30101b2aa81cf02916b4,4112
Ac16S.ChkDn.3.0321,Ac16S,e78cacb282d1da13dab5b7615ffbb32b29e07c4f,2030
Ac16S.ChkDn.3.0321,Ac16S,e7a020bc45b78f1bc2553d8ca433f1dc449dcb85,651
Ac16S.ChkDn.3.0321,Ac16S,bba443dacc4e0ae20254cdd4acffb726ecb6dd84,3484
Ac16S.ChkDn.3.0321,Ac16S,b48faa17eecc148f3d92eac47251f88bfe7f5804,3440
Ac16S.ChkDn.3.0321,Ac16S,ce3f8d18ca51d269fa7bc85fb67d7390f9c80ae0,2740
Ac16S.ChkDn.3.0321,Ac16S,326a6f7516e2d30e49d1b8d7d7fc6825b7d5ab67,2018
Ac16S.ChkDn.3.0321,Ac16S,5c559340b0550025e25e19606b40a2e3abcc353b,1621
Ac16S.ChkDn.3.0321,Ac16S,8b8395144b7aff167ef61f01f632a41f7824e029,1494
Ac16S.ChkDn.3.0321,Ac16S,d2f74ff65dae4e68436fc09d35c8a3128386e501,1366
Ac16S.ChkDn.3.0321,Ac16S,5bfff7ccaa33c75e5d50f023686c14906e4dcd05,987
Ac16S.ChkDn.3.0321,Ac16S,a231e4b7d9ff4dbaf516b347fdaf6c85eaf1e2f0,936
Ac16S.ChkDn.3.0321,Ac16S,35db48eec310c38efa37174d14444237eba865b7,884
Ac16S.ChkDn.3.0321,Ac16S,a50a42995c14d3a97457681eadef2203688bb51a,877
Ac16S.ChkDn.3.0321,Ac16S,00022f8174b9270518632aba990f4c66bf280a9a,477
Ac16S.ChkDn.3.0321,Ac16S,194900017c0ee1ad10d8ff1e2a4ee72cbc2538e2,263
Ac16S.ChkDn.3.0321,Ac16S,c7c31c3d6cf25d92c0f2d4c9cc34eef4f4837a32,145
Ac16S.ChkDn.3.0321,Ac16S,f20951c343eeaf5a660fb4b7e2b1d7b650ce6c42,80
Ac16S.ChkDn.3.0321,Ac16S,b04a94fa27a096f01d5dbebd0d1687115b05b7d9,70
Ac16S.ChkDn.3.0321,Ac16S,6fcfbce9092684a694fa70dc1ca15b0e1393441d,46
Ac16S.ChkUp.1.0321,Ac16S,d238d6fffab502c39dcc81b9144f183b6029f26b,65030
Ac16S.ChkUp.1.0321,Ac16S,3cdb756a4829bf3d077ec0af970d9f46af6963b8,68650
Ac16S.ChkUp.1.0321,Ac16S,c3dbdf346cff3c1adad46ee0962d54e90cfd75fa,3574
Ac16S.ChkUp.1.0321,Ac16S,bf42a5bb1ec15e8fe11e20b2b71bddfe749af866,2473
Ac16S.ChkUp.1.0321,Ac16S,4450e479e7a3b55ed4ff30101b2aa81cf02916b4,3289
Ac16S.ChkUp.1.0321,Ac16S,e78cacb282d1da13dab5b7615ffbb32b29e07c4f,2007
Ac16S.ChkUp.1.0321,Ac16S,e7a020bc45b78f1bc2553d8ca433f1dc449dcb85,2489
Ac16S.ChkUp.1.0321,Ac16S,8a0ca07c74912da614fd5078c946dd1ba58ac338,998
Ac16S.ChkUp.1.0321,Ac16S,0340f74702d0acb3d9a9dc7420e835d7458a293d,2287
Ac16S.ChkUp.1.0321,Ac16S,c172edb593d7290bed66203b389d79285aa79ff8,896
Ac16S.ChkUp.1.0321,Ac16S,d0db57e32ea31277297c286134055bd888327a28,837
Ac16S.ChkUp.1.0321,Ac16S,e7b3123304f5fd2c2037108c391dcc6110d738fd,803
Ac16S.ChkUp.1.0321,Ac16S,075b1d350fefdb5671e045da5efe0b11708af9b3,670
Ac16S.ChkUp.1.0321,Ac16S,800800b53f28fc818809e09afd07fc675cdcefdf,667
Ac16S.ChkUp.1.0321,Ac16S,b578c19af142d9f2c0bcc74357e1d35217b914d2,365
Ac16S.ChkUp.1.0321,Ac16S,a3169d373633850d5247169bd8ff5540c57e8f31,364
Ac16S.ChkUp.1.0321,Ac16S,71e86bd22e041432ca2a1a6747832c9f9bbf519f,350
Ac16S.ChkUp.1.0321,Ac16S,d550dc44d7f269eb7dd4b45343f2bfa3dc7b8e95,264
Ac16S.ChkUp.1.0321,Ac16S,ff956704ef07b7e33928038b332665499402ceee,253
Ac16S.ChkUp.1.0321,Ac16S,58cffbc777518a18d6ee33d98e460b8d4b993029,244
Ac16S.ChkUp.1.0321,Ac16S,a174b2ff13cfab9b61fd2e666715696f3b376f50,210
Ac16S.ChkUp.1.0321,Ac16S,07b3e805955b20137c574bd9454328b92e491d89,17
Ac16S.ChkUp.1.0321,Ac16S,606a77f6802ebe611831dbc6db775df3c10f5819,16
Ac16S.ChkUp.1.0321,Ac16S,5e317d8c0574e47fa05ce651b4630ace45da9c84,12
Ac16S.ChkUp.2.0321,Ac16S,d238d6fffab502c39dcc81b9144f183b6029f26b,148652
Ac16S.ChkUp.2.0321,Ac16S,3cdb756a4829bf3d077ec0af970d9f46af6963b8,16537
Ac16S.ChkUp.2.0321,Ac16S,69603d8a7ce12b95541313d63f260469882b8afa,2261
Ac16S.ChkUp.2.0321,Ac16S,d2472a8d281c95616108ba0408ff68fb664d3129,1125
Ac16S.ChkUp.2.0321,Ac16S,45d14921e44bbe364c2137940fd6092745b3f70b,927
Ac16S.ChkUp.2.0321,Ac16S,728a87301f51ce9a176d7f43ddced1df9387b2d5,885
Ac16S.ChkUp.2.0321,Ac16S,0521849ecde99b5b854534355138b78b3b77bde8,636
Ac16S.ChkUp.2.0321,Ac16S,279360a6e088b16caafb6f18ed14de96c7cd9688,537
Ac16S.ChkUp.2.0321,Ac16S,1e05fb2f743f586dfcffd977e5a365c25322a48e,507
Ac16S.ChkUp.2.0321,Ac16S,eebf476b07afd03392876e655495c83af0e6ce02,470
Ac16S.ChkUp.2.0321,Ac16S,cade44a118cb7a6048f134ee2a719f7767d01fba,457
Ac16S.ChkUp.2.0321,Ac16S,dba994f01e2b1e996c5df8007fa3d3dce94755d8,445
Ac16S.ChkUp.2.0321,Ac16S,75a05e0f3856ef9ff8810a12cd3ed1a067c6b24d,249
Ac16S.ChkUp.2.0321,Ac16S,e92dc19e6bcf6c22d57348cda7194fbbfba72ef7,229
Ac16S.ChkUp.2.0321,Ac16S,e79150fd9dfe030789603cb53cebee6454504cb7,214
Ac16S.ChkUp.2.0321,Ac16S,d66aca8b6e2dcb0eb5bffc1386e3cff25a0eb614,188
Ac16S.ChkUp.2.0321,Ac16S,9b418f0ecc314f705024e2ca59c5ec76e61725d8,132
Ac16S.ChkUp.2.0321,Ac16S,83973a44de32acc17c20688ebca07afbd0027892,125
Ac16S.ChkUp.2.0321,Ac16S,a886c59273b60ac312e8e209a75288753f33f68b,100
Ac16S.ChkUp.2.0321,Ac16S,df6aebe5f78b9c96a2d745ec5092a747039ca5ca,89
